{
    "fields": [
        {
            "id": "id",
            "internal": true,
            "key": true,
            "oid": "50c364c9-4d77-444d-a54e-3c0ae3deab41",
            "required": true,
            "singularName": "Id",
            "type": "number",
            "unique": true
        },
        {
            "id": "creationDate",
            "internal": true,
            "oid": "4a9d7afa-37a4-49a0-bc15-b9c1d0103eaf",
            "singularName": "Created",
            "type": "datetime"
        },
        {
            "id": "lastUpdateDate",
            "internal": true,
            "oid": "011f9589-a4e9-42ed-8463-3dc0726cb512",
            "singularName": "Last Updated",
            "type": "datetime"
        },
        {
            "id": "createdBy",
            "internal": true,
            "oid": "37bf8c55-d75d-4246-a457-5085f228d6be",
            "singularName": "Created By",
            "type": "string"
        },
        {
            "id": "lastUpdatedBy",
            "internal": true,
            "oid": "748e087a-8e2e-4c7f-8f24-aeddad57914b",
            "singularName": "Last Updated By",
            "type": "string"
        },
        {
            "hidden": true,
            "id": "abcsChangeNumber",
            "internal": true,
            "oid": "64e31e39-17c4-46f9-b100-e3d9fd8caf5f",
            "singularName": "<internal>",
            "type": "number"
        },
        {
            "id": "businessID",
            "oid": "02c326d3-98b5-4102-8f34-ec068af68abc",
            "singularName": "Business ID",
            "type": "string"
        },
        {
            "id": "contentIdentifier",
            "oid": "2e47bf3c-12fa-4dfa-94f2-1ab5eae8012c",
            "singularName": "Content Identifier",
            "type": "string"
        },
        {
            "id": "filesize",
            "oid": "e41d3bb7-f8b1-430d-9486-754da27403a9",
            "singularName": "Filesize",
            "type": "number"
        },
        {
            "id": "referenceType",
            "oid": "2bcc6dfb-b7dd-4976-ac4e-8b140a81a70b",
            "singularName": "Reference Type",
            "type": "string"
        },
        {
            "id": "ecId",
            "oid": "0409d369-63b9-41eb-a8a5-55a488d5787e",
            "singularName": "ecId",
            "type": "string"
        },
        {
            "id": "filename",
            "oid": "8d4f5e29-cec4-47a8-a7ab-a036b9f884b1",
            "singularName": "Filename",
            "type": "string"
        },
        {
            "id": "flowid",
            "oid": "44e94325-8a42-4f77-a8c0-94cac7a1183c",
            "singularName": "Flow Id",
            "type": "string"
        },
        {
            "id": "sourceEndpointReference",
            "oid": "73e332b1-7e23-4c34-b234-cce02e6fc355",
            "singularName": "Source Endpoint Reference",
            "type": "string"
        },
        {
            "id": "sourceId",
            "oid": "3c866f48-1b90-4697-91a9-e597b753451f",
            "singularName": "Source Id",
            "type": "string"
        },
        {
            "id": "sourceName",
            "oid": "40d6ca85-ca31-4e35-ac67-6fa495cb5f60",
            "singularName": "Source Name",
            "type": "string"
        },
        {
            "id": "sourceType",
            "oid": "1067f274-0af3-4426-9335-e05a7076003d",
            "singularName": "Source Type",
            "type": "string"
        },
        {
            "id": "status",
            "oid": "0154ec5d-afe0-4f66-a59f-69b687e28a10",
            "singularName": "Status",
            "type": "string"
        },
        {
            "id": "substatus",
            "oid": "0c1da98e-23b1-489d-ba22-336d45b06970",
            "singularName": "Substatus",
            "type": "string"
        },
        {
            "id": "action",
            "oid": "d54dae0d-2f7a-495d-b771-98068213ccea",
            "singularName": "Action",
            "type": "string"
        }
    ],
    "id": "SourceDetail",
    "oid": "2a53301f-ee10-40f0-8641-bc4fc315bb3f",
    "singularName": "Source Detail"
}