<?xml version="1.0" encoding="UTF-8"?>
<businessContextMapping xmlns="http://xmlns.oracle.com/procmon" businessContextId="PaymentProc_hY68OkoT">
   <identifierMappings>
      <identifier identifierId="PaymentProcessingId" mapType="wire" mapping="milestone:PaymentFileReadyForT" value="identifier:PaymentProcessingId" outputDataType="string" connectionId="ApiConnDef_001" productType="EXTERNAL" ref="PaymentFileReadyForT"/>
      <identifier identifierId="PaymentProcessingId" mapType="wire" mapping="milestone:PaymentFileTransferr" value="identifier:PaymentProcessingId" outputDataType="string" connectionId="ApiConnDef_001" productType="EXTERNAL" ref="PaymentFileTransferr"/>
      <identifier identifierId="PaymentProcessingId" mapType="wire" mapping="milestone:ResponseFileArrived" value="identifier:PaymentProcessingId" outputDataType="string" connectionId="ApiConnDef_001" productType="EXTERNAL" ref="ResponseFileArrived"/>
      <identifier identifierId="PaymentProcessingId" mapType="wire" mapping="milestone:ResponseFileReadyFor" value="identifier:PaymentProcessingId" outputDataType="string" connectionId="ApiConnDef_001" productType="EXTERNAL" ref="ResponseFileReadyFor"/>
      <identifier identifierId="PaymentProcessingId" mapType="wire" mapping="milestone:ResponseFileTransfer" value="identifier:PaymentProcessingId" outputDataType="string" connectionId="ApiConnDef_001" productType="EXTERNAL" ref="ResponseFileTransfer"/>
      <identifier identifierId="PaymentProcessingId" mapType="wire" mapping="milestone:ErrorOccurred" value="identifier:PaymentProcessingId" outputDataType="string" connectionId="ApiConnDef_001" productType="EXTERNAL" ref="ErrorOccurred"/>
      <identifier identifierId="PaymentProcessingId" mapType="wire" mapping="milestone:PaymentFileArrived" value="identifier:PaymentProcessingId" outputDataType="string" connectionId="ApiConnDef_001" productType="EXTERNAL" ref="PaymentFileArrived"/>
   </identifierMappings>
   <milestoneMappings>
      <milestone milestoneId="PaymentFileTransferr">
         <milestoneMapping mapType="wire" mapping="milestone:PaymentFileTransferr" connectionId="ApiConnDef_001" productType="EXTERNAL"/>
      </milestone>
      <milestone milestoneId="ResponseFileArrived">
         <milestoneMapping mapType="wire" mapping="milestone:ResponseFileArrived" connectionId="ApiConnDef_001" productType="EXTERNAL"/>
      </milestone>
      <milestone milestoneId="ResponseFileReadyFor">
         <milestoneMapping mapType="wire" mapping="milestone:ResponseFileReadyFor" connectionId="ApiConnDef_001" productType="EXTERNAL"/>
      </milestone>
      <milestone milestoneId="PaymentFileArrived">
         <milestoneMapping mapType="wire" mapping="milestone:PaymentFileArrived" connectionId="ApiConnDef_001" productType="EXTERNAL"/>
      </milestone>
      <milestone milestoneId="ResponseFileTransfer">
         <milestoneMapping mapType="wire" mapping="milestone:ResponseFileTransfer" connectionId="ApiConnDef_001" productType="EXTERNAL"/>
      </milestone>
      <milestone milestoneId="PaymentFileReadyForT">
         <milestoneMapping mapType="wire" mapping="milestone:PaymentFileReadyForT" connectionId="ApiConnDef_001" productType="EXTERNAL"/>
      </milestone>
      <milestone milestoneId="ErrorOccurred">
         <milestoneMapping mapType="wire" mapping="milestone:ErrorOccurred" connectionId="ApiConnDef_001" productType="EXTERNAL"/>
      </milestone>
      <milestone milestoneId="PaymentFailed">
         <milestoneMapping mapType="wire" mapping="milestone:PaymentFailed" connectionId="ApiConnDef_001" productType="EXTERNAL"/>
      </milestone>
   </milestoneMappings>
   <businessFactMappings>
      <businessFact businessFactId="SourceFilesize" ref="PaymentFileArrived">
         <businessFactMapping mapType="wire" mapping="milestone:PaymentFileArrived" value="measure:SourceFilesize" outputDataType="integer" connectionId="ApiConnDef_001" productType="EXTERNAL"/>
      </businessFact>
   </businessFactMappings>
   <businessConstantMappings>
      <businessConstant businessConstantsId="Filename" ref="PaymentFileArrived">
         <businessConstantMapping mapType="wire" mapping="milestone:PaymentFileArrived" value="dimension:Filename" outputDataType="string" connectionId="ApiConnDef_001" productType="EXTERNAL"/>
      </businessConstant>
      <businessConstant businessConstantsId="ErrorMessage" ref="ErrorOccurred">
         <businessConstantMapping mapType="wire" mapping="milestone:ErrorOccurred" value="dimension:ErrorMessage" outputDataType="string" connectionId="ApiConnDef_001" productType="EXTERNAL"/>
      </businessConstant>
   </businessConstantMappings>
</businessContextMapping>
