<?xml version="1.0" encoding="UTF-8"?>
<businessContext xmlns="http://xmlns.oracle.com/procmon" id="PaymentProc_hY68OkoT" name="Payment Processing - Via PCS" revision="1.0" label="insight_sandbox_PaymentProc_hY68OkoT_464687e0-ec98-41fe-8c45-75b90652fb5e_02:45:00" version="2.0">
   <noun/>
   <identifiers>
      <identifier id="PaymentProcessingId" name="PaymentProcessingId" ref="PaymentFileArrived,PaymentFileReadyForT,PaymentFileTransferr,ResponseFileArrived,ResponseFileReadyFor,ResponseFileTransfer,ErrorOccurred"/>
   </identifiers>
   <milestones>
      <milestone id="PaymentFileArrived" name="Payment File Arrived" type="Initial"/>
      <milestone id="PaymentFileReadyForT" name="Payment File Ready For Transfer" type="Standard"/>
      <milestone id="PaymentFileTransferr" name="Payment File Transferred" type="Standard"/>
      <milestone id="ResponseFileArrived" name="Response File Arrived" type="Standard"/>
      <milestone id="ResponseFileReadyFor" name="Response File Ready For Transfer" type="Standard"/>
      <milestone id="ResponseFileTransfer" name="Response File Transferred" type="Terminal"/>
      <milestone id="ErrorOccurred" name="Error Occurred" type="Faulted"/>
      <milestone id="PaymentFailed" name="Payment Failed" type="Faulted|Terminal"/>
   </milestones>
   <businessConstants>
      <businessConstant id="Filename" name="Filename" ref="PaymentFileArrived" filterable="true"/>
      <businessConstant id="ErrorMessage" name="Error Message" ref="ErrorOccurred" filterable="false"/>
   </businessConstants>
   <businessFacts>
      <businessFact id="SourceFilesize" name="Source Filesize" ref="PaymentFileArrived" filterable="false"/>
   </businessFacts>
   <properties>
      <property name="modelIcon" value="ID5"/>
      <property name="pendingTasks" value="0"/>
      <property name="totalTasks" value="12"/>
   </properties>
</businessContext>
