{
 "pageModelVersion": "18.3.3",
 "title": "Payment Gateway Monitoring",
 "description": "The starting page of the flow",
 "variables": {
  "paymentProcessListServiceDataProvider": {
   "type": "vb/ServiceDataProvider",
   "defaultValue": {
    "endpoint": "businessObjects/getall_PaymentProcess",
    "idAttribute": "id",
    "itemsPath": "items",
    "responseType": "flow:getallPaymentProcessResponse",
                "filterCriterion": "{{ $page.variables.PaymentFilterCriteria }}"
   },
            "onValueChanged": {
                "chains": [
                    {
                        "chainId": "createNewResource-application",
                        "parameters": {}
                    }
                ]
            }
  },
        "PaymentFilterCriteria": {
            "type": "page:FilterCriteria"
        },
        "currentFilterSelection": {
            "type": "page:selectionList"
        }
 },
 "types": {
        "FilterCriteria": {
            "criteria": [
                {
                    "attribute": "string",
                    "op": "string",
                    "value": "string"
                }
            ],
            "op": "string"
        },
        "selectionList": {
                "value": "string[]"
        }
      },
 "chains": {
        "CheckboxSetValueAction": {
            "description": "",
            "variables": {
                "value": {
                    "required": true,
                    "type": "any[]",
                    "input": "fromCaller"
                }
            },
            "root": "if1",
            "actions": {
                "assignVariables1": {
                    "module": "vb/action/builtin/assignVariablesAction",
                    "parameters": {
                        "$page.variables.PaymentFilterCriteria": {
                            "source": {
                                "op": "{{ \"$or\"\n }}",
                                "criteria": [
                                    {
                                        "attribute": "{{ \"complete\"\n }}",
                                        "op": "{{ \"$eq\"\n }}",
                                        "value": "{{ true }}"
                                    },
                                    {
                                        "attribute": "{{ \"complete\"\n }}",
                                        "op": "{{ \"$eq\"\n }}",
                                        "value": "{{ false }}"
                                    },
                                    {
                                        "attribute": "{{ \"errorOccurred\"\n }}",
                                        "op": "{{ \"$eq\"\n }}",
                                        "value": "{{ true }}"
                                    },
                                    {
                                        "attribute": "{{ \"errorOccurred\"\n }}",
                                        "op": "{{ \"$eq\"\n }}",
                                        "value": "{{ false }}"
                                    }
                                ]
                            }
                        }
                    },
                    "label": "Show All",
                    "outcomes": {
                        "success": "assignVariables9"
                    }
                },
                "if1": {
                    "module": "vb/action/builtin/ifAction",
                    "parameters": {
                        "condition": "{{ $chain.variables.value[0] == \"active\" || $chain.variables.value[1] == \"active\" || $chain.variables.value[2] == \"active\" }}"
                    },
                    "outcomes": {
                        "true": "if2",
                        "false": "if3"
                    }
                },
                "assignVariables2": {
                    "module": "vb/action/builtin/assignVariablesAction",
                    "parameters": {
                        "$page.variables.PaymentFilterCriteria": {
                            "source": {
                                "op": "{{ \"$or\"\n }}",
                                "criteria": [
                                    {
                                        "attribute": "{{ \"complete\"\n }}",
                                        "op": "{{ \"$eq\"\n }}",
                                        "value": "{{ true }}"
                                    },
                                    {
                                        "attribute": "{{ \"errorOccurred\"\n }}",
                                        "op": "{{ \"$eq\"\n }}",
                                        "value": "{{ true }}"
                                    },
                                    {
                                        "attribute": "{{ \"errorOccurred\"\n }}",
                                        "op": "{{ \"$eq\"\n }}",
                                        "value": "{{ false }}"
                                    }
                                ]
                            }
                        }
                    },
                    "label": "Show Complete and Errors",
                    "outcomes": {
                        "success": "assignVariables9"
                    }
                },
                "if2": {
                    "module": "vb/action/builtin/ifAction",
                    "parameters": {
                        "condition": "{{ $chain.variables.value[0] == \"complete\" || $chain.variables.value[1] == \"complete\" || $chain.variables.value[2] == \"complete\" }}"
                    },
                    "outcomes": {
                        "true": "if4",
                        "false": "if5"
                    }
                },
                "if3": {
                    "module": "vb/action/builtin/ifAction",
                    "parameters": {
                        "condition": "{{ $chain.variables.value[0] == \"complete\" || $chain.variables.value[1] == \"complete\" || $chain.variables.value[2] == \"complete\" }}"
                    },
                    "outcomes": {
                        "true": "if6",
                        "false": "if7"
                    }
                },
                "if4": {
                    "module": "vb/action/builtin/ifAction",
                    "parameters": {
                        "condition": "{{ $chain.variables.value[0] == \"error\" || $chain.variables.value[1] == \"error\" || $chain.variables.value[2] == \"error\" }}"
                    },
                    "outcomes": {
                        "true": "assignVariables1",
                        "false": "assignVariables3"
                    }
                },
                "if5": {
                    "module": "vb/action/builtin/ifAction",
                    "parameters": {
                        "condition": "{{ $chain.variables.value[0] == \"error\" || $chain.variables.value[1] == \"error\" || $chain.variables.value[2] == \"error\" }}"
                    },
                    "outcomes": {
                        "true": "assignVariables4",
                        "false": "assignVariables5"
                    }
                },
                "if6": {
                    "module": "vb/action/builtin/ifAction",
                    "parameters": {
                        "condition": "{{ $chain.variables.value[0] == \"error\" || $chain.variables.value[1] == \"error\" || $chain.variables.value[2] == \"error\" }}"
                    },
                    "outcomes": {
                        "true": "assignVariables2",
                        "false": "assignVariables6"
                    }
                },
                "if7": {
                    "module": "vb/action/builtin/ifAction",
                    "parameters": {
                        "condition": "{{ $chain.variables.value[0] == \"error\" || $chain.variables.value[1] == \"error\" || $chain.variables.value[2] == \"error\" }}"
                    },
                    "outcomes": {
                        "true": "assignVariables7",
                        "false": "assignVariables8"
                    }
                },
                "assignVariables3": {
                    "module": "vb/action/builtin/assignVariablesAction",
                    "label": "Show Active and Complete",
                    "parameters": {
                        "$page.variables.PaymentFilterCriteria": {
                            "source": {
                                "op": "{{ \"$or\"\n }}",
                                "criteria": [
                                    {
                                        "attribute": "{{ \"complete\"\n }}",
                                        "op": "{{ \"$eq\"\n }}",
                                        "value": "{{ true }}"
                                    },
                                    {
                                        "attribute": "{{ \"complete\"\n }}",
                                        "op": "{{ \"$eq\"\n }}",
                                        "value": "{{ false }}"
                                    },
                                    {
                                        "attribute": "{{ \"errorOccurred\"\n }}",
                                        "op": "{{ \"$eq\"\n }}",
                                        "value": "{{ false }}"
                                    }
                                ]
                            }
                        }
                    },
                    "outcomes": {
                        "success": "assignVariables9"
                    }
                },
                "assignVariables4": {
                    "module": "vb/action/builtin/assignVariablesAction",
                    "label": "Show Active and Errors",
                    "parameters": {
                        "$page.variables.PaymentFilterCriteria": {
                            "source": {
                                "op": "{{ \"$or\"\n }}",
                                "criteria": [
                                    {
                                        "attribute": "{{ \"complete\"\n }}",
                                        "op": "{{ \"$eq\"\n }}",
                                        "value": "{{ false }}"
                                    },
                                    {
                                        "attribute": "{{ \"errorOccurred\"\n }}",
                                        "op": "{{ \"$eq\"\n }}",
                                        "value": "{{ true }}"
                                    },
                                    {
                                        "attribute": "{{ \"errorOccurred\"\n }}",
                                        "op": "{{ \"$eq\"\n }}",
                                        "value": "{{ false }}"
                                    }
                                ]
                            }
                        }
                    },
                    "outcomes": {
                        "success": "assignVariables9"
                    }
                },
                "assignVariables5": {
                    "module": "vb/action/builtin/assignVariablesAction",
                    "label": "Show Only Active",
                    "parameters": {
                        "$page.variables.PaymentFilterCriteria": {
                            "source": {
                                "op": "{{ \"$or\"\n }}",
                                "criteria": [
                                    {
                                        "attribute": "{{ \"complete\"\n }}",
                                        "op": "{{ \"$eq\"\n }}",
                                        "value": "{{ false }}"
                                    },
                                    {
                                        "attribute": "{{ \"errorOccurred\"\n }}",
                                        "op": "{{ \"$eq\"\n }}",
                                        "value": "{{ false }}"
                                    }
                                ]
                            }
                        }
                    },
                    "outcomes": {
                        "success": "assignVariables9"
                    }
                },
                "assignVariables6": {
                    "module": "vb/action/builtin/assignVariablesAction",
                    "label": "Show Only Complete",
                    "parameters": {
                        "$page.variables.PaymentFilterCriteria": {
                            "source": {
                                "op": "{{ \"$or\"\n }}",
                                "criteria": [
                                    {
                                        "attribute": "{{ \"complete\"\n }}",
                                        "op": "{{ \"$eq\"\n }}",
                                        "value": "{{ true }}"
                                    },
                                    {
                                        "attribute": "{{ \"errorOccurred\"\n }}",
                                        "op": "{{ \"$eq\"\n }}",
                                        "value": "{{ false }}"
                                    }
                                ]
                            }
                        }
                    },
                    "outcomes": {
                        "success": "assignVariables9"
                    }
                },
                "assignVariables7": {
                    "module": "vb/action/builtin/assignVariablesAction",
                    "label": "Show Only Errors",
                    "parameters": {
                        "$page.variables.PaymentFilterCriteria": {
                            "source": {
                                "op": "{{ \"$or\"\n }}",
                                "criteria": [
                                    {
                                        "attribute": "{{ \"errorOccurred\"\n }}",
                                        "op": "{{ \"$eq\"\n }}",
                                        "value": "{{ true }}"
                                    }
                                ]
                            }
                        }
                    },
                    "outcomes": {
                        "success": "assignVariables9"
                    }
                },
                "assignVariables8": {
                    "module": "vb/action/builtin/assignVariablesAction",
                    "label": "Show None",
                    "parameters": {
                        "$page.variables.PaymentFilterCriteria": {
                            "source": {
                                "op": "{{ \"$and\"\n }}",
                                "criteria": [
                                    {
                                        "attribute": "{{ \"complete\"\n }}",
                                        "op": "{{ \"$eq\"\n }}",
                                        "value": "{{ true }}"
                                    },
                                    {
                                        "attribute": "{{ \"complete\"\n }}",
                                        "op": "{{ \"$eq\"\n }}",
                                        "value": "{{ false }}"
                                    }
                                ]
                            }
                        }
                    },
                    "outcomes": {
                        "success": "assignVariables9"
                    }
                },
                "assignVariables9": {
                    "module": "vb/action/builtin/assignVariablesAction",
                    "parameters": {
                        "$page.variables.currentFilterSelection": {
                            "source": {
                                "value": "{{ $chain.variables.value }}"
                            },
                            "reset": "none",
                            "mapping": {
                                "$target.value": {
                                    "source": "$source.value",
                                    "reset": "empty"
                                }
                            }
                        }
                    },
                    "outcomes": {
                    }
                }
            }
        },
        "ImageClickAction": {
            "description": "",
            "variables": {
                "detail": {
                    "required": true,
                    "type": "any",
                    "input": "fromCaller"
                }
            },
            "root": "",
            "actions": {}
        }
      },
 "eventListeners": {
        "ojCheckboxset18717544981Value": {
            "chains": [
                {
                    "chainId": "CheckboxSetValueAction",
                    "parameters": {
                        "value": "{{ $event.detail.value }}"
                    }
                }
            ]
        },
        "IMG18717544981Click": {
            "chains": [
                {
                    "chainId": "CheckboxSetValueAction",
                    "parameters": {
                        "value": "{{ $page.variables.currentFilterSelection.value }}"
                    }
                }
            ]
        }
      },
 "imports": {
  "components": {
   "oj-list-view": {
				"path": "ojs/ojlistview"
			},
   "oj-label": {
				"path": "ojs/ojlabel"
			},
   "oj-collapsible": {
				"path": "ojs/ojcollapsible"
			},
   "oj-table": {
				"path": "ojs/ojtable"
			},
   "oj-train": {
				"path": "ojs/ojtrain"
			},
            "oj-combobox-many": {
                "path": "ojs/ojselectcombobox"
            },
            "oj-menu": {
                "path": "ojs/ojmenu"
            },
            "oj-checkboxset": {
                "path": "ojs/ojcheckboxset"
            },
            "oj-led-gauge": {
                "path": "ojs/ojgauge"
            },
            "oj-button": {
                "path": "ojs/ojbutton"
            }
  }
 }
}