{"schemaVersion":"1.0","name":"PaymentMonitorProcess","registeredProcess":{"id":"oracleinternalpcsplayer~PaymentGatewayFileMonitorApplication!1.0~PaymentMonitorProcess","project":"PaymentGatewayFileMonitorApplication","projectVersion":"1.0","useDefaultVersion":true,"processName":"PaymentMonitorProcess","isPlayerInstance":true,"interfaces":[{"id":"start","label":"Start","parameters":{"businessId":{"type":"string","detail":"{http://www.w3.org/2001/XMLSchema}string"},"filename":{"type":"string","detail":"{http://www.w3.org/2001/XMLSchema}string"},"filesize":{"type":"int","detail":"{http://www.w3.org/2001/XMLSchema}int"}}}]}}