{
    "fields": [
        {
            "id": "id",
            "internal": true,
            "key": true,
            "oid": "a933c74d-50e7-490a-9567-670a2a7c2d13",
            "required": true,
            "singularName": "Id",
            "type": "number",
            "unique": true
        },
        {
            "id": "creationDate",
            "internal": true,
            "oid": "fcdd2f08-9910-47a3-8640-c5dbc557e814",
            "singularName": "Created",
            "type": "datetime"
        },
        {
            "id": "lastUpdateDate",
            "internal": true,
            "oid": "789d5cf2-204a-44ce-a4d8-334650c9fa3e",
            "singularName": "Last Updated",
            "type": "datetime"
        },
        {
            "id": "createdBy",
            "internal": true,
            "oid": "06a673f7-bc3c-4053-9463-88106d883963",
            "singularName": "Created By",
            "type": "string"
        },
        {
            "id": "lastUpdatedBy",
            "internal": true,
            "oid": "7d1f7a8e-20ca-4e3e-8d90-40e9d3ce4e15",
            "singularName": "Last Updated By",
            "type": "string"
        },
        {
            "hidden": true,
            "id": "abcsChangeNumber",
            "internal": true,
            "oid": "3e22414e-c104-4499-9ab2-9557d27fdca9",
            "singularName": "<internal>",
            "type": "number"
        },
        {
            "id": "businessId",
            "oid": "a832acf2-2e19-45dc-9d90-9efab20d7a37",
            "singularName": "businessId",
            "type": "string"
        },
        {
            "id": "errorCode",
            "oid": "4a627a99-675c-440e-9515-cff051f79a96",
            "singularName": "errorCode",
            "type": "string"
        },
        {
            "id": "errorDescription",
            "oid": "752088d5-cfe8-48b6-b210-6f7b47c4d3a4",
            "singularName": "errorDescription",
            "type": "string"
        },
        {
            "id": "mftId",
            "oid": "26063b13-7992-4966-a200-c89fbafa7a14",
            "singularName": "mftId",
            "type": "string"
        },
        {
            "id": "transferName",
            "oid": "75aaacec-0996-45b8-8d52-371121709a23",
            "singularName": "transferName",
            "type": "string"
        },
        {
            "id": "targetName",
            "oid": "9d5977d6-c0a8-4821-999c-d7fa8db7d311",
            "singularName": "targetName",
            "type": "string"
        },
        {
            "id": "endpointReference",
            "oid": "c2f520cf-5176-4cfa-bbc7-4f669bc80642",
            "singularName": "endpointReference",
            "type": "string"
        },
        {
            "id": "cause",
            "oid": "042e8db0-c8d0-4ed6-9eac-c193754ecb7e",
            "singularName": "cause",
            "type": "string"
        },
        {
            "id": "protocol",
            "oid": "c2e997f5-453f-4d0a-9929-a57b8860d233",
            "singularName": "protocol",
            "type": "string"
        },
        {
            "id": "sender",
            "oid": "caefe441-db0a-4f0d-8d42-4c058da3a9be",
            "singularName": "sender",
            "type": "string"
        },
        {
            "id": "action",
            "oid": "28a591fc-d55c-436a-b704-d4f4fd02e5de",
            "singularName": "action",
            "type": "string"
        },
        {
            "id": "fullPathFilename",
            "oid": "484da903-a117-45ac-ac28-81034845c3b1",
            "singularName": "fullPathFilename",
            "type": "string"
        },
        {
            "id": "filename",
            "oid": "6c7e7146-3c23-4051-b097-eb91649386af",
            "singularName": "filename",
            "type": "string"
        }
    ],
    "id": "ErrorDetail",
    "oid": "ee52b8bb-4b82-447d-9c28-b2b2975503e9",
    "singularName": "Error Detail",
    "pluralName": "Error Details"
}