{
    "fields": [
        {
            "id": "id",
            "internal": true,
            "key": true,
            "oid": "b19ba0f6-8938-4fb0-9482-30ee1aa57990",
            "required": true,
            "singularName": "Id",
            "type": "number",
            "unique": true
        },
        {
            "id": "creationDate",
            "internal": true,
            "oid": "151e23b3-5fe9-45d4-be8a-bd839718695e",
            "singularName": "Created",
            "type": "datetime"
        },
        {
            "id": "lastUpdateDate",
            "internal": true,
            "oid": "51220cd3-bcb7-477d-ae75-95d2108981c7",
            "singularName": "Last Updated",
            "type": "datetime"
        },
        {
            "id": "createdBy",
            "internal": true,
            "oid": "6574b7b0-d9c6-4e5f-a592-75bf6279b816",
            "singularName": "Created By",
            "type": "string"
        },
        {
            "id": "lastUpdatedBy",
            "internal": true,
            "oid": "9f6f152d-5e47-4cc9-b816-22fc1260d62f",
            "singularName": "Last Updated By",
            "type": "string"
        },
        {
            "hidden": true,
            "id": "abcsChangeNumber",
            "internal": true,
            "oid": "2126e73f-2736-42f8-b383-b5dc1050b9ee",
            "singularName": "<internal>",
            "type": "number"
        },
        {
            "id": "sourceDetail",
            "oid": "d36fae75-57c2-4e37-b03b-39daae989ef5",
            "singularName": "Source Detail",
            "type": "reference",
            "unique": true
        },
        {
            "id": "targetDetail",
            "oid": "2ae7076f-398a-438f-98dd-e354d1c2332f",
            "singularName": "Target Detail",
            "type": "reference",
            "unique": true
        },
        {
            "id": "transferDetail",
            "oid": "8f0ad346-6ee8-499a-adcf-c3c669217708",
            "singularName": "Transfer Detail",
            "type": "reference",
            "unique": true
        },
        {
            "id": "businessID",
            "oid": "36247dcb-dc22-4bc9-b815-ecb6b4bf9dcb",
            "singularName": "Business ID",
            "type": "string"
        },
        {
            "id": "action",
            "oid": "ae95a0f2-3e1a-4b5d-baa5-461fd6d6f89f",
            "singularName": "Action",
            "type": "string"
        }
    ],
    "id": "FileTransfer",
    "oid": "e90e1fc3-5bb5-4472-9d9d-902ea3ce1609",
    "singularName": "File Transfer",
    "relations": [
        {
            "accessorId": "sourceDetailObject",
            "cardinality": "oneToOne",
            "defaultDisplayFieldId": "filename",
            "deleteRule": "restrict",
            "mappingFieldId": "sourceDetail",
            "sourceEntityId": "FileTransfer",
            "targetEntityId": "SourceDetail",
            "derivedRelationInfoMap": {
                "$reverse": {}
            }
        },
        {
            "accessorId": "targetDetailObject",
            "cardinality": "oneToOne",
            "defaultDisplayFieldId": "targetName",
            "deleteRule": "restrict",
            "mappingFieldId": "targetDetail",
            "sourceEntityId": "FileTransfer",
            "targetEntityId": "TargetDetail",
            "derivedRelationInfoMap": {
                "$reverse": {}
            }
        },
        {
            "accessorId": "transferDetailObject",
            "cardinality": "oneToOne",
            "defaultDisplayFieldId": "deliveredFilename",
            "deleteRule": "restrict",
            "mappingFieldId": "transferDetail",
            "sourceEntityId": "FileTransfer",
            "targetEntityId": "TransferDetail",
            "derivedRelationInfoMap": {
                "$reverse": {}
            }
        }
    ]
}