{
    "flowModelVersion": "18.3.3",
    "id": "main",
    "description": "Flow main",
    "defaultPage": "main-start",
    "chains": {
        "SetTimelineData": {
            "root": "callRestEndpoint1",
            "description": "",
            "actions": {
                "assignVariables1": {
                    "module": "vb/action/builtin/assignVariablesAction",
                    "parameters": {
                        "$flow.variables.timelineSeries": {
                            "source": [
                                {
                                    "emptyText": "{{ \"No Data.\" }}",
                                    "id": "{{ \"s1\" }}",
                                    "label": "{{ \"Oracle Events\" }}",
                                    "items": "{{ $chain.results.callModuleFunction1 }}"
                                }
                            ]
                        }
                    }
                },
                "callRestEndpoint1": {
                    "module": "vb/action/builtin/restAction",
                    "parameters": {
                        "endpoint": "businessObjects/getall_PaymentProcess",
                        "responseBodyFormat": "json",
                        "responseType": "flow:getallPaymentProcessResponse",
                        "requestType": "json"
                    },
                    "outcomes": {
                        "success": "callModuleFunction1"
                    }
                },
                "callModuleFunction1": {
                    "module": "vb/action/builtin/callModuleFunctionAction",
                    "parameters": {
                        "module": "{{$flow.functions}}",
                        "functionName": "formatData",
                        "params": [
                            "{{ $chain.results.callRestEndpoint1 }}"
                        ],
                        "returnType": "object[]"
                    },
                    "outcomes": {
                        "success": "assignVariables1"
                    }
                }
            }
        }
      },
    "services": {},
    "types": {
        "TimelineSeries": [
            {
                "emptyText": "string",
                "id": "string",
                "label": "string",
                "items": [
                        {
                            "id": "string",
                            "title": "string",
                            "start": "string",
                            "description": "string"
                        }
                    ]
            }
        ],
        "getallPaymentProcessResponse": {
            "items": [
                {
                    "id": "number",
                    "creationDate": "string",
                    "lastUpdateDate": "string",
                    "businessID": "string",
                    "errorOccurred": "boolean",
                    "errorDetail": "number",
                    "currentStepName": "string",
                    "currentStepNumber": "number"
                }
            ]
        },
        "@decorators.getallPaymentProcessResponse": {
            "endpoint": "getall_PaymentProcess",
            "service": "businessObjects",
            "path": "response"
        }
      },
    "variables": {
        "timelineSeries": {
            "type": "flow:TimelineSeries"
        },
        "timelineSeriesArrayProvider": {
            "type": "flow:TimelineSeries",
            "onValueChanged": {
                "chains": [
                    {
                        "chainId": "flow:SetTimelineData",
                        "parameters": {}
                    }
                ]
            }
        }
      },
    "eventListeners": {
        "vbEnter": {
            "chains": [
                {
                    "chainId": "flow:SetTimelineData",
                    "parameters": {}
                }
            ]
        }
    }
}