{
    "fields": [
        {
            "id": "id",
            "internal": true,
            "key": true,
            "oid": "358ac30a-0d16-400b-b957-94352dcce33f",
            "required": true,
            "singularName": "Id",
            "type": "number",
            "unique": true
        },
        {
            "id": "creationDate",
            "internal": true,
            "oid": "2f41bf6e-83a8-4b05-b767-31db5587b43c",
            "singularName": "Created",
            "type": "datetime"
        },
        {
            "id": "lastUpdateDate",
            "internal": true,
            "oid": "1d323570-e730-47b9-a4f8-587ba4cfc0ca",
            "singularName": "Last Updated",
            "type": "datetime"
        },
        {
            "id": "createdBy",
            "internal": true,
            "oid": "dffb9b58-a409-4923-9306-d120d68b030b",
            "singularName": "Created By",
            "type": "string"
        },
        {
            "id": "lastUpdatedBy",
            "internal": true,
            "oid": "4d2816d4-59c2-40b9-9d74-36126eb5fcd0",
            "singularName": "Last Updated By",
            "type": "string"
        },
        {
            "hidden": true,
            "id": "abcsChangeNumber",
            "internal": true,
            "oid": "103cf5c0-970e-4935-85d5-c12f410f7fd4",
            "singularName": "<internal>",
            "type": "number"
        },
        {
            "id": "sourceDetail",
            "oid": "bf0cc3f0-0c43-4b87-b5a3-b16a9af985f1",
            "singularName": "sourceDetail",
            "type": "reference",
            "unique": true
        },
        {
            "id": "targetDetail",
            "oid": "61c8a56a-39ab-41ee-b241-6b86c48302b6",
            "singularName": "targetDetail",
            "type": "reference",
            "unique": true
        },
        {
            "id": "transferDetail",
            "oid": "d26aaff6-93ce-43fa-a4ca-89b2401780db",
            "singularName": "transferDetail",
            "type": "reference",
            "unique": true
        },
        {
            "id": "businessID",
            "oid": "13758256-3690-4244-8a8a-dd8f4cbf6aaf",
            "singularName": "businessID",
            "type": "string"
        },
        {
            "id": "action",
            "oid": "73d51c8b-cd04-4c8e-9225-22e1104a374f",
            "singularName": "action",
            "type": "string"
        }
    ],
    "id": "ReplyTransfer",
    "oid": "2fbe0d41-0bfc-4823-b4db-64e064c8e203",
    "singularName": "Reply Transfer",
    "relations": [
        {
            "accessorId": "sourceDetailObject",
            "cardinality": "oneToOne",
            "defaultDisplayFieldId": "filename",
            "deleteRule": "restrict",
            "mappingFieldId": "sourceDetail",
            "derivedRelationInfoMap": {
                "$reverse": {}
            },
            "sourceEntityId": "ReplyTransfer",
            "targetEntityId": "SourceDetail"
        },
        {
            "accessorId": "targetDetailObject",
            "cardinality": "oneToOne",
            "defaultDisplayFieldId": "targetName",
            "deleteRule": "restrict",
            "mappingFieldId": "targetDetail",
            "derivedRelationInfoMap": {
                "$reverse": {}
            },
            "sourceEntityId": "ReplyTransfer",
            "targetEntityId": "TargetDetail"
        },
        {
            "accessorId": "transferDetailObject",
            "cardinality": "oneToOne",
            "defaultDisplayFieldId": "transferStatus",
            "deleteRule": "restrict",
            "mappingFieldId": "transferDetail",
            "derivedRelationInfoMap": {
                "$reverse": {}
            },
            "sourceEntityId": "ReplyTransfer",
            "targetEntityId": "TransferDetail"
        }
    ]
}