{
    "fields": [
        {
            "id": "id",
            "internal": true,
            "key": true,
            "oid": "b0d09bb7-756c-4db6-9ce3-0a4e50a4c84f",
            "required": true,
            "singularName": "Id",
            "type": "number",
            "unique": true
        },
        {
            "id": "creationDate",
            "internal": true,
            "oid": "8d2b9cd7-336f-4d9c-88b3-5fa4f6c87980",
            "singularName": "Created",
            "type": "datetime"
        },
        {
            "id": "lastUpdateDate",
            "internal": true,
            "oid": "d237afee-0e8d-4be6-bd5c-14d61fe41de1",
            "singularName": "Last Updated",
            "type": "datetime"
        },
        {
            "id": "createdBy",
            "internal": true,
            "oid": "19eafbf9-706a-43cc-80ad-5c19b762bca7",
            "singularName": "Created By",
            "type": "string"
        },
        {
            "id": "lastUpdatedBy",
            "internal": true,
            "oid": "5c5aa8be-8a57-42d3-8941-7286bad5fc17",
            "singularName": "Last Updated By",
            "type": "string"
        },
        {
            "hidden": true,
            "id": "abcsChangeNumber",
            "internal": true,
            "oid": "a82aea69-f76f-464c-88cd-37bdbf18e80c",
            "singularName": "<internal>",
            "type": "number"
        },
        {
            "id": "businessID",
            "oid": "38b5cd47-b28f-47f3-8bae-e4b1b5e6e257",
            "singularName": "Business ID",
            "type": "string"
        },
        {
            "id": "targetId",
            "oid": "d8c237b4-8579-4b29-b2a9-f632fe1ab88f",
            "singularName": "Target Id",
            "type": "string"
        },
        {
            "id": "targetName",
            "oid": "05d23373-7a6b-4522-b6ca-b7ce0e4848c4",
            "singularName": "Target Name",
            "type": "string"
        },
        {
            "id": "ecId",
            "oid": "418b7d9f-2e78-4905-8f6b-d5dd1eef914f",
            "singularName": "ecId",
            "type": "string"
        },
        {
            "id": "flowId",
            "oid": "667d0296-63c6-4859-9680-3667c0b5f2ea",
            "singularName": "Flow Id",
            "type": "string"
        },
        {
            "id": "transferId",
            "oid": "67c0c4e0-f4c6-41c5-954f-c2af26bb92bb",
            "singularName": "Transfer Id",
            "type": "string"
        },
        {
            "id": "transferName",
            "oid": "a3c6da67-8689-4504-99c1-a1b65b03aba2",
            "singularName": "Transfer Name",
            "type": "string"
        },
        {
            "id": "action",
            "oid": "13e90bb8-c55d-4af0-86ba-c03894412bfd",
            "singularName": "Action",
            "type": "string"
        }
    ],
    "id": "TargetDetail",
    "oid": "bab0d53b-4108-424d-bf95-9132c2584942",
    "singularName": "Target Detail"
}