{
    "fields": [
        {
            "id": "id",
            "internal": true,
            "key": true,
            "oid": "8152b513-2059-4d61-866f-a6ff267f2503",
            "required": true,
            "singularName": "Id",
            "type": "number",
            "unique": true
        },
        {
            "id": "creationDate",
            "internal": true,
            "oid": "99d32a18-7f4d-4450-b657-7501624bcb01",
            "singularName": "Created",
            "type": "datetime"
        },
        {
            "id": "lastUpdateDate",
            "internal": true,
            "oid": "44f7f459-6883-4013-816e-d89a4886f7aa",
            "singularName": "Last Updated",
            "type": "datetime"
        },
        {
            "id": "createdBy",
            "internal": true,
            "oid": "c85f5c70-75b4-4eee-af23-3843adb5f93e",
            "singularName": "Created By",
            "type": "string"
        },
        {
            "id": "lastUpdatedBy",
            "internal": true,
            "oid": "27afcdcd-75a8-47d4-ab9b-fa1de416fbcd",
            "singularName": "Last Updated By",
            "type": "string"
        },
        {
            "hidden": true,
            "id": "abcsChangeNumber",
            "internal": true,
            "oid": "dcab339f-4592-46f0-9e8b-9300843c55cc",
            "singularName": "<internal>",
            "type": "number"
        },
        {
            "id": "businessID",
            "oid": "24c28f23-eca3-4c94-8d1a-686bb15ecd35",
            "singularName": "Business ID",
            "type": "string"
        },
        {
            "id": "sourceToPaymentGateway",
            "oid": "d08e877c-3ea6-4adc-909a-fb6b80b025d0",
            "singularName": "Source to Payment Gateway",
            "type": "reference",
            "unique": true
        },
        {
            "id": "paymentReply",
            "oid": "6ff1b0aa-eff4-42cf-89c3-f1dbafd960f3",
            "singularName": "Payment Reply",
            "type": "reference",
            "unique": true
        },
        {
            "defaultValue": {
                "server": {
                    "type": "static",
                    "value": false
                }
            },
            "id": "errorOccurred",
            "oid": "6c9f457d-162f-4f46-89e4-10d1c18b0023",
            "updatable": true,
            "singularName": "errorOccurred",
            "type": "boolean"
        },
        {
            "id": "errorDetail",
            "oid": "2920fbb7-7d32-43a4-8c1c-4ede15c902eb",
            "singularName": "Error Details",
            "type": "reference",
            "unique": true
        },
        {
            "id": "currentStepName",
            "oid": "878aac64-9680-4785-8c0a-f9244c3ff9c3",
            "singularName": "currentStepName",
            "type": "string"
        },
        {
            "defaultValue": {
                "server": {
                    "type": "static",
                    "value": false
                }
            },
            "id": "complete",
            "oid": "0a170d32-b78b-412a-9e08-c82681745b38",
            "updatable": true,
            "singularName": "complete",
            "type": "boolean"
        },
        {
            "id": "currentStepNumber",
            "oid": "a6195791-a18c-4b2c-9100-16cd7a2ea487",
            "singularName": "currentStepNumber",
            "type": "number"
        }
    ],
    "id": "PaymentProcess",
    "oid": "4df2cc13-a70f-4020-bcd2-904f078c3b24",
    "singularName": "Payment Process",
    "relations": [
        {
            "accessorId": "sourceToPaymentGatewayO",
            "cardinality": "oneToOne",
            "defaultDisplayFieldId": "action",
            "deleteRule": "restrict",
            "mappingFieldId": "sourceToPaymentGateway",
            "sourceEntityId": "PaymentProcess",
            "targetEntityId": "FileTransfer",
            "derivedRelationInfoMap": {
                "$reverse": {}
            }
        },
        {
            "accessorId": "paymentReplyObject",
            "cardinality": "oneToOne",
            "defaultDisplayFieldId": "action",
            "deleteRule": "restrict",
            "mappingFieldId": "paymentReply",
            "sourceEntityId": "PaymentProcess",
            "targetEntityId": "ReplyTransfer",
            "derivedRelationInfoMap": {
                "$reverse": {}
            }
        },
        {
            "accessorId": "errorDetailObject",
            "cardinality": "oneToOne",
            "defaultDisplayFieldId": "errorDescription",
            "deleteRule": "restrict",
            "mappingFieldId": "errorDetail",
            "sourceEntityId": "PaymentProcess",
            "targetEntityId": "ErrorDetail",
            "derivedRelationInfoMap": {
                "$reverse": {}
            }
        }
    ]
}