{
    "fields": [
        {
            "id": "id",
            "internal": true,
            "key": true,
            "oid": "64fc08fd-0ba7-4a06-b9a2-31492f690857",
            "required": true,
            "singularName": "Id",
            "type": "number",
            "unique": true
        },
        {
            "id": "creationDate",
            "internal": true,
            "oid": "29796323-0296-4cd3-855c-7819ad537d1e",
            "singularName": "Created",
            "type": "datetime"
        },
        {
            "id": "lastUpdateDate",
            "internal": true,
            "oid": "4d045f0d-6866-412b-9691-6c72b690e1e5",
            "singularName": "Last Updated",
            "type": "datetime"
        },
        {
            "id": "createdBy",
            "internal": true,
            "oid": "9258631b-5082-4a52-9916-d64728980dde",
            "singularName": "Created By",
            "type": "string"
        },
        {
            "id": "lastUpdatedBy",
            "internal": true,
            "oid": "12926389-2f52-44c5-8eb0-684576e8fbbf",
            "singularName": "Last Updated By",
            "type": "string"
        },
        {
            "hidden": true,
            "id": "abcsChangeNumber",
            "internal": true,
            "oid": "8bca81ae-46c1-4183-bdeb-43f66bf49a3e",
            "singularName": "<internal>",
            "type": "number"
        },
        {
            "id": "businessID",
            "oid": "f2f02381-2448-405a-9405-fef477bb2ad9",
            "singularName": "Business ID",
            "type": "string"
        },
        {
            "id": "bytesTransferred",
            "oid": "cd677d0a-abd5-4d26-a63c-d74c176e3735",
            "singularName": "Bytes Transferred",
            "type": "number"
        },
        {
            "id": "deliveredFilename",
            "oid": "ecb21662-448b-4489-9f14-98fac54e6bfb",
            "singularName": "Delivered Filename",
            "type": "string"
        },
        {
            "id": "ecId",
            "oid": "c7bbfa45-a749-43e3-b6ff-fa429e67ee13",
            "singularName": "ecId",
            "type": "string"
        },
        {
            "id": "flowId",
            "oid": "a7193aa2-dc15-4214-b4e8-dc50f3d33f3f",
            "singularName": "Flow Id",
            "type": "string"
        },
        {
            "id": "protocol",
            "oid": "70529af7-4542-4add-9443-6956545f6887",
            "singularName": "Protocol",
            "type": "string"
        },
        {
            "id": "senderUserName",
            "oid": "73fd4068-d3fc-42f1-a951-3ad259022291",
            "singularName": "Sender User Name",
            "type": "string"
        },
        {
            "id": "status",
            "oid": "cc2891dd-79b8-4db3-b3d9-05ba88bbd7d1",
            "singularName": "Status",
            "type": "string"
        },
        {
            "id": "timeTaken",
            "oid": "9e7b802a-f342-4767-9d3b-7c8c7ca79260",
            "singularName": "Time Taken",
            "type": "number"
        },
        {
            "id": "transferStartTime",
            "oid": "cfea27e2-355d-496c-9723-83bb228b04a8",
            "singularName": "Transfer Start Time",
            "type": "datetime"
        },
        {
            "id": "transferCompletedTime",
            "oid": "a5a34bff-3389-41e7-8576-3f048ed065e7",
            "singularName": "Transfer Completed Time",
            "type": "datetime"
        },
        {
            "id": "transferStatus",
            "oid": "e8037655-4c35-497e-9c43-a99cf9a4d89f",
            "singularName": "Transfer Status",
            "type": "string"
        },
        {
            "id": "action",
            "oid": "04e5fa8a-4869-417b-94eb-b403b6565c1c",
            "singularName": "Action",
            "type": "string"
        }
    ],
    "id": "TransferDetail",
    "oid": "ac9906fc-48ca-44f1-a958-729e7eba006e",
    "singularName": "Transfer Detail"
}