{
  "pageModelVersion": "18.3.3",
  "title": "My start page",
  "description": "The starting page of the flow",
  "variables": {
    "paymentProcessListServiceDataProvider": {
      "type": "vb/ServiceDataProvider",
      "defaultValue": {
        "endpoint": "businessObjects/getall_PaymentProcess",
        "idAttribute": "id",
        "itemsPath": "items",
        "responseType": "flow:getallPaymentProcessResponse"
      }
    }
  },
  "types": {
  },
  "chains": {
  },
  "eventListeners": {
  },
  "imports": {
    "components": {
      "oj-label": {
        "path": "ojs/ojlabel"
      },
      "oj-text-area": {
        "path": "ojs/ojinputtext"
      },
      "oj-list-view": {
        "path": "ojs/ojlistview"
      },
      "oj-timeline": {
        "path": "ojs/ojtimeline"
      }
    }
  }
}