{
    "pageModelVersion": "18.3.3",
    "description": "Application Starter Page",
    "routerFlow": "main",
    "variables": {},
    "types": {},
    "chains": {
        "showNotificationChain": {
            "variables": {
                "eventPayload": {
                    "type": "object"
                }
            },
            "root": "showNotificationBar",
            "actions": {
                "showNotificationBar": {
                    "module": "vb/action/builtin/callComponentMethodAction",
                    "parameters": {
                        "component": "{{ $page.components.byId('vbDefaultNotifier') }}",
                        "method": "show",
                        "params": [
                            "{{ $variables.eventPayload.type }}",
                            "{{ $variables.eventPayload.message }}",
                            "{{ $variables.eventPayload.displayMode === 'transient' }}"
                        ]
                    }
                }
            }
        }
    },
    "eventListeners": {
        "vbNotification": {
            "chains": [
                {
                    "chainId": "showNotificationChain",
                    "parameters": {
                        "eventPayload": "{{ $event }}"
                    }
                }
            ]
        }
    },
    "imports": {
        "components": {
            "oj-vb-message-bar": {
                "path": "vb/components/messagebar/loader"
            },
            "oj-menu": {
                "path": "ojs/ojmenu"
            },
            "oj-toolbar": {
                "path": "ojs/ojtoolbar"
            }
        }
    }
}