{
    "flowModelVersion": "18.3.3",
    "id": "main",
    "description": "Flow main",
    "defaultPage": "main-start",
    "chains": {},
    "services": {},
    "types": {
        "getallPaymentProcessResponse": {
            "items": [
                {
                    "id": "number",
                    "businessID": "string",
                    "currentStepName": "string",
                    "currentStepNumber": "number",
                    "complete": "boolean",
                    "errorOccurred": "boolean",
                    "errorDetailObject": {
                        "items": [
                            {
                                "errorCode": "string",
                                "errorDescription": "string"
                            }
                        ]
                    },
                    "paymentReplyObject": {
                        "items": [
                            {
                                "sourceDetailObject": {
                                    "items": [
                                        {
                                            "filesize": "number",
                                            "filename": "string",
                                            "sourceName": "string"
                                        }
                                    ]
                                },
                                "targetDetailObject": {
                                    "items": [
                                        {
                                            "targetId": "string",
                                            "targetName": "string",
                                            "transferId": "string",
                                            "transferName": "string"
                                        }
                                    ]
                                },
                                "transferDetailObject": {
                                    "items": [
                                        {
                                            "status": "string",
                                            "timeTaken": "number",
                                            "transferStartTime": "string",
                                            "transferCompletedTime": "string",
                                            "transferStatus": "string"
                                        }
                                    ]
                                }
                            }
                        ]
                    },
                    "sourceToPaymentGatewayO": {
                        "items": [
                            {
                                "sourceDetailObject": {
                                    "items": [
                                        {
                                            "filesize": "number",
                                            "filename": "string",
                                            "sourceName": "string"
                                        }
                                    ]
                                },
                                "targetDetailObject": {
                                    "items": [
                                        {
                                            "targetId": "string",
                                            "targetName": "string",
                                            "transferId": "string",
                                            "transferName": "string"
                                        }
                                    ]
                                },
                                "transferDetailObject": {
                                    "items": [
                                        {
                                            "status": "string",
                                            "timeTaken": "number",
                                            "transferStartTime": "string",
                                            "transferCompletedTime": "string",
                                            "transferStatus": "string"
                                        }
                                    ]
                                }
                            }
                        ]
                    }
                }
            ]
        },
        "@decorators.getallPaymentProcessResponse": {
            "endpoint": "getall_PaymentProcess",
            "service": "businessObjects",
            "path": "response"
        }
      },
    "variables": {}
}